M,total_time,psi_time,zeta_time,helmholtz_time,poisson_times
8,7.648666e-5,7.7825e-6,6.8241599999999996e-6,2.7958e-5,2.7e-5
16,0.0003306625,2.592166e-5,2.130166e-5,0.000113833,0.000113333
32,0.001629415,0.0001246575,5.814332e-5,0.000660291,0.0006515
64,0.0066744925,0.000566295,0.00016436834,0.002750209,0.002735916
128,0.02838866168,0.0022258716800000002,0.000669,0.011944708,0.011895083
